<?xml version="1.0" encoding="UTF-8"?>
<project-private xmlns="http://www.netbeans.org/ns/project-private/1">
    <editor-bookmarks xmlns="http://www.netbeans.org/ns/editor-bookmarks/2" lastBookmarkId="0"/>
    <open-files xmlns="http://www.netbeans.org/ns/projectui-open-files/2">
        <group>
            <file>file:/Users/david/Desktop/Past%20Semesters/PSU/Summer%202018/IST%20261/NetBeansProject/HotelBooking/src/hotelbooking/models/AmenityList.java</file>
            <file>file:/Users/david/Desktop/Past%20Semesters/PSU/Summer%202018/IST%20261/NetBeansProject/HotelBooking/src/hotelbooking/models/HotelList.java</file>
            <file>file:/Users/david/Desktop/Past%20Semesters/PSU/Summer%202018/IST%20261/NetBeansProject/HotelBooking/src/hotelbooking/models/CustomerList.java</file>
        </group>
    </open-files>
</project-private>
